,AIC,Concordance,BIC,Mean $S(t;\theta)$,Median $S(t;\theta)$
weibull,-550.3473269030046,0.8563617555785429,-550.3473269030046,0.2659827182662781,0.2194461830835438
cox,,0.8564110142357519,,0.20230184248805852,0.253611561
log_logistic,-562.0339741159091,0.856608048864588,-562.0339741159091,0.257958396463568,0.21500244314838118
log_normal,-568.2556979677863,0.85700211812226,-568.2556979677863,0.2581320762554951,0.21612976697335673
