param,covariate,coef,exp(coef),se(coef),coef lower 95%,coef upper 95%,exp(coef) lower 95%,exp(coef) upper 95%,cmp to,z,p,-log2(p)
mu_,accuracy,-0.1399322075620088,0.869417173310821,0.09975399550305022,-0.3354464460619577,0.05558203093794015,0.7150187977588103,1.0571557329920063,0.0,-1.4027729601841366,0.16068455266438073,2.637696852032886
mu_,adv_fit_time,4.204513028458607,66.98796848793954,0.14848386519398193,3.9134900003931024,4.495536056524113,50.07340357642216,89.61619545778464,0.0,28.31629566596854,2.177558132303217e-176,583.5366334665107
mu_,attack.init.eps,-0.419228860520305,0.6575536899664989,0.06695806555102267,-0.5504642574747816,-0.28799346356582844,0.5766820192852624,0.7497664930223502,0.0,-6.26106589356063,3.8235490602717733e-10,31.284368563335125
mu_,data.sample.random_state,0.039102289640146164,1.0398768468385984,0.03908226796387373,-0.03749754800318989,0.11570212728348223,0.963196779473357,1.1226614121179137,0.0,1.0005122956602965,0.31706265026318137,1.6571601558048834
mu_,model.trainer.batch_size,3.4774053625073563e-06,1.0000034774114086,6.960824435103112e-06,-1.0165559833001109e-05,1.7120370558015823e-05,0.9999898344918361,1.0000171205171122,0.0,0.49956803176516906,0.6173792723674616,0.6957710475589656
mu_,model.trainer.nb_epoch,0.0038386327935757704,1.003846009780599,0.0012284854545559936,0.0014308455471147056,0.006246420040036836,1.0014318696950122,1.0062659696054304,0.0,3.1246872149277105,0.0017799421568866405,9.133953926239359
mu_,train_time,-0.001375066644957759,0.9986258783259989,8.959236945255479e-05,-0.001550664462374373,-0.001199468827541145,0.9984505371965595,0.9988012502476615,0.0,-15.348033022901014,3.65089151647528e-53,174.19394022823013
mu_,Intercept,-0.2808836271253798,0.7551162054107666,0.07818122807867375,-0.43411601842669195,-0.12765123582406762,0.6478370900852048,0.880160294000705,0.0,-3.592724673533225,0.00032723829498389705,11.577370790345148
sigma_,Intercept,-1.011323194196564,0.3637373658359949,0.03500700039182818,-1.0799356541713268,-0.9427107342218011,0.33961737790349383,0.3895703810036021,0.0,-28.889170248149597,1.6331986039310501e-183,607.2051411249363
