param,covariate,coef,exp(coef),se(coef),coef lower 95%,coef upper 95%,exp(coef) lower 95%,exp(coef) upper 95%,cmp to,z,p,-log2(p)
alpha_,accuracy,-0.21061065083545097,0.8100894131236043,0.08597303802171859,-0.3791147089995121,-0.04210659267138983,0.6844670936274351,0.9587675775282029,0.0,-2.4497290741574855,0.01429637394249534,6.128206913997846
alpha_,attack.init.eps,0.3981564578839361,1.4890769895174165,0.0578867197045472,0.28470057207985855,0.5116123436880137,1.3293639198484508,1.6679783824455179,0.0,6.878200387172043,6.061337009071856e-12,37.263501080328986
alpha_,data.sample.random_state,-0.03705893293578811,0.9636193447586829,0.03335039388448713,-0.10242450381960774,0.02830663794803153,0.9026462935280024,1.0287110779171964,0.0,-1.111199257920189,0.2664825906052408,1.9078868105629447
alpha_,model.trainer.batch_size,-1.1922841373466133e-05,0.9999880772297033,5.989619072315455e-06,-2.3662279036318633e-05,-1.8340371061363124e-07,0.9999763380009132,0.9999998165963062,0.0,-1.9905842474314521,0.04652661348892351,4.425800007634182
alpha_,model.trainer.nb_epoch,-0.00392838022020557,0.9960793257713809,0.0010569471949015627,-0.0059999586557732704,-0.0018568017846378702,0.9940180051508403,0.9981449210053377,0.0,-3.716723256521282,0.00020182330244433296,12.274619622448958
alpha_,predict_proba_time,0.4860120561698558,1.625819597250404,0.013570889035026906,0.45941360242301355,0.5126105099166981,1.5831453601462042,1.669644133346894,0.0,35.81283841577681,6.971549153914714e-281,930.6603153891294
alpha_,train_time,0.0006604147580565821,1.0006606328798973,5.893910050998254e-05,0.00054489624377583,0.0007759332723373342,1.0005450447267021,1.0007762343864353,0.0,11.205036255087188,3.851960277775056e-29,94.39032192585027
alpha_,Intercept,-2.7978025150093986,0.06094383875680197,0.06925451285894889,-2.9335388659798043,-2.662066164038993,0.05320840715024923,0.06980384644718086,0.0,-40.39884766365624,0.0,inf
beta_,Intercept,1.6779342106138182,5.354483303383316,0.042760761740464906,1.5941246576510086,1.7617437635766278,4.924016984524312,5.822581753133503,0.0,39.24004489905926,0.0,inf
