param,covariate,coef,exp(coef),se(coef),coef lower 95%,coef upper 95%,exp(coef) lower 95%,exp(coef) upper 95%,cmp to,z,p,-log2(p)
mu_,accuracy,-0.19658709948610645,0.8215297733578886,0.045194568153254434,-0.28516682536332605,-0.10800737360888686,0.7518888097321399,0.8976209777000148,0.0,-4.3497948430324875,1.3626495605482587e-05,16.163225889743806
mu_,attack.init.eps,0.45525289452972084,1.5765720390672924,0.029080629672620765,0.39825590772363734,0.5122498813358044,1.489225085349258,1.6690421205105295,0.0,15.654849969027275,3.0783835244577687e-55,181.0838722358833
mu_,data.sample.random_state,0.027335370226087296,1.0277124091179026,0.017478892234780108,-0.006922629043738537,0.061593369495913125,0.9931012771563064,1.063529793133764,0.0,1.5639074753086712,0.11783929873981773,3.08510734483543
mu_,model.trainer.batch_size,-1.1961463938831475e-05,0.9999880386075992,3.0754906659741547e-06,-1.7989314878929923e-05,-5.933612998733027e-06,0.999982010846928,0.9999940664046052,0.0,-3.889286373445295,0.0001005394246097204,13.279951041968863
mu_,model.trainer.nb_epoch,-0.0010640628218953339,0.9989365030922087,0.0005471762919217262,-0.002136508647256092,8.38300346542439e-06,0.9978657720628026,1.000008383038603,0.0,-1.9446435044878525,0.05181789945011227,4.270405655814577
mu_,predict_proba_time,0.4868608838862169,1.6272002238605232,0.007602391590735398,0.4719604701720054,0.5017612976004284,1.6031340108623213,1.6516277183262449,0.0,64.0404901635857,0.0,inf
mu_,train_time,0.0005214982256547557,1.0005216342294954,3.229319956456485e-05,0.0004582047175626441,0.0005847917337468674,1.0004583097093798,1.000584962757769,0.0,16.148855879458687,1.1568759713124635e-58,192.46159530208465
mu_,Intercept,-2.9004953257087074,0.054995972389729426,0.03645968089582498,-2.971954987152347,-2.8290356642650676,0.05120311099546832,0.059069789321191175,0.0,-79.55350278561667,0.0,inf
sigma_,Intercept,-1.1377058787666046,0.32055356767155907,0.01868356429961864,-1.1743249918966954,-1.1010867656365138,0.30902750537210916,0.33250952734202405,0.0,-60.89340666062454,0.0,inf
