param,covariate,coef,exp(coef),se(coef),coef lower 95%,coef upper 95%,exp(coef) lower 95%,exp(coef) upper 95%,cmp to,z,p,-log2(p)
alpha_,accuracy,-0.20046793494100637,0.8183477299732762,0.10282138973017758,-0.401994155652511,0.0010582857704982684,0.668984655457713,1.0010588459524778,0.0,-1.949671517444682,0.051215283227032234,4.2872817985791665
alpha_,adv_fit_time,4.350742867054197,77.53604050637402,0.17753430872566864,4.002782015931671,4.698703718176723,54.7502544367108,109.80474226572824,0.0,24.50649059488043,1.2596124121931586e-132,438.16152864619045
alpha_,attack.init.eps,-0.48091369415832025,0.6182182712487733,0.06893579877757854,-0.6160253770078745,-0.34580201130876603,0.5400868186830126,0.7076525804458463,0.0,-6.97625475712538,3.031528028878022e-12,38.263091977289406
alpha_,data.sample.random_state,0.046386698758196995,1.047479391629109,0.03940063006559063,-0.03083711713854667,0.12361051465494066,0.9696334968926701,1.131575053258644,0.0,1.177308552705289,0.2390723744651431,2.064480662975617
alpha_,model.trainer.batch_size,5.526245492158555e-06,1.000005526260762,7.131643896823817e-06,-8.451519696181012e-06,1.950401068049812e-05,0.9999915485160178,1.000019504200885,0.0,0.7748908347232186,0.43840416837599205,1.1896665792833048
alpha_,model.trainer.nb_epoch,0.003771677124254507,1.0037787988492202,0.0012327167352428588,0.0013555967200387068,0.006187757528470308,1.001356515956597,1.0062069412477421,0.0,3.059646240230076,0.002215985709629872,8.81783570684565
alpha_,train_time,-0.0013992096487987578,0.9986017687886223,9.135635727894429e-05,-0.001578264818824262,-0.0012201544787732535,0.9984229799861315,0.9987805896070386,0.0,-15.315952720470895,5.982875464874257e-53,173.48134999580137
alpha_,Intercept,-0.26189680410497745,0.7695904381839506,0.08148342856707601,-0.4216013894332886,-0.10219221877666629,0.6559954740123355,0.9028559891146869,0.0,-3.214111245814696,0.0013084896729170402,9.577881746512414
beta_,Intercept,1.5593075256606341,4.755527024253319,0.0407271420337024,1.4794837940813301,1.6391312572399381,4.390678601548107,5.150692940820083,0.0,38.28669157217761,0.0,inf
