param,covariate,coef,exp(coef),se(coef),coef lower 95%,coef upper 95%,exp(coef) lower 95%,exp(coef) upper 95%,cmp to,z,p,-log2(p)
alpha_,accuracy,-0.22322194809707582,0.7999372850320651,0.04549638066295502,-0.31239321562339223,-0.13405068057075942,0.7316937582369148,0.8745457410028616,0.0,-4.906367162494578,9.277877386836896e-07,20.039701884047847
alpha_,attack.init.eps,0.4677947333533079,1.596469667076502,0.030245846580720104,0.4085139633731726,0.5270755033334432,1.5045802616269086,1.6939710448809295,0.0,15.466412292506261,5.847655024514481e-54,176.83625892020285
alpha_,data.sample.random_state,0.030607014776941686,1.031080224965226,0.017431946004125953,-0.003558971571592087,0.06477300112547546,0.9964473540612575,1.0669168079791846,0.0,1.7558002284826568,0.0791225253758251,3.659767716040747
alpha_,model.trainer.batch_size,-7.831443879152235e-06,0.9999921685867865,3.1141718871261405e-06,-1.3935108619586605e-05,-1.7277791387178656e-06,0.9999860649884736,0.9999982722223539,0.0,-2.514775729473092,0.011910812453845334,6.3915843648886845
alpha_,model.trainer.nb_epoch,-0.0010501418566609237,0.9989504093493337,0.0005454280726607807,-0.0021191612352331494,1.8877521911302196e-05,0.9978830826016402,1.000018877700093,0.0,-1.92535351460364,0.054185146931293754,4.205958751207514
alpha_,predict_proba_time,0.48680329363138963,1.6271065156833409,0.007372782759549099,0.4723529049568356,0.5012536823059437,1.603763259874453,1.6507895395897985,0.0,66.02707681857173,0.0,inf
alpha_,train_time,0.0005948087236373855,1.000594985657425,5.739542783217889e-05,0.0004823157522090471,0.000707301695065724,1.0004824320851538,1.0007075518918942,0.0,10.36334680484609,3.639981345531786e-25,81.18427131538034
alpha_,Intercept,-2.927322701353319,0.05354018950712556,0.03639632458619698,-2.998658186711895,-2.8559872159947433,0.04985391815771385,0.0574990291312816,0.0,-80.42907449131508,0.0,inf
beta_,Intercept,1.6668784726515582,5.295611573918164,0.021971023379790854,1.6238160581236807,1.7099408871794357,5.072410042068849,5.528634654776075,0.0,75.86712934750086,0.0,inf
