param,covariate,coef,exp(coef),se(coef),coef lower 95%,coef upper 95%,exp(coef) lower 95%,exp(coef) upper 95%,cmp to,z,p,-log2(p)
mu_,accuracy,-0.20490583547623126,0.8147240308998389,0.08632864137481845,-0.37410686340514976,-0.03570480754731273,0.6879033962016521,0.9649250900501478,0.0,-2.3735556614007023,0.017617737428597298,5.826827532834054
mu_,attack.init.eps,0.4034555938892969,1.4969887552545857,0.056820212970250514,0.2920900228737103,0.5148211649048836,1.339223572967423,1.6733392232584208,0.0,7.100564619504947,1.2424822258668587e-12,39.5499119249591
mu_,data.sample.random_state,-0.030087721863418997,0.9703604079916994,0.033985481032217796,-0.09669804068383502,0.036522596956997014,0.9078300925036499,1.0371977412657003,0.0,-0.8853110490004902,0.3759888924027768,1.4112380529635298
mu_,model.trainer.batch_size,-1.6033163000443676e-05,0.99998396696553,6.040128962781113e-06,-2.7871598229471932e-05,-4.19472777141542e-06,0.9999721287901799,0.9999958052810265,0.0,-2.654440509339949,0.007944004588550036,6.975917828478017
mu_,model.trainer.nb_epoch,-0.0038513390593059534,0.9961560678350974,0.0010742487029825215,-0.005956827827590562,-0.0017458502910213457,0.9940608788952143,0.9982556728190951,0.0,-3.5851465760332566,0.00033688894307807156,11.535439300535325
mu_,predict_proba_time,0.48317560464640535,1.621214572828656,0.014136320710193944,0.45546892518051757,0.5108822841122932,1.5769126637422803,1.6667611032525504,0.0,34.179728555392714,4.8383971732935707e-256,848.1390630893495
mu_,train_time,0.0006894048120051533,1.0006896425061218,5.765914561433167e-05,0.0005763949632217127,0.000802414660788594,1.0005765611107191,1.0008027366815582,0.0,11.956556148376155,5.999899945202846e-33,107.03868868885567
mu_,Intercept,-2.7738311090526886,0.06242239903937995,0.06969073529099257,-2.9104224402791488,-2.6372397778262284,0.05445272198672741,0.07155851460981784,0.0,-39.8020066436464,0.0,inf
sigma_,Intercept,-1.1441854375365477,0.31848323665019007,0.036205871542374174,-1.2151476417884848,-1.0732232332846106,0.29666621073057137,0.3419047008332873,0.0,-31.60220673592763,3.443136961713227e-219,725.7185292105037
