param,covariate,coef,exp(coef),se(coef),coef lower 95%,coef upper 95%,exp(coef) lower 95%,exp(coef) upper 95%,cmp to,z,p,-log2(p)
lambda_,accuracy,0.03518018081180217,1.0358063244112445,0.0871080821137806,-0.13554852289356545,0.20590888451716982,0.8732367899246423,1.2286412506542697,0.0,0.40386815962553063,0.6863096714838333,0.5430684095874025
lambda_,adv_fit_time,5.202107175773823,181.65461707609217,0.16479093081812704,4.879122886391462,5.5250914651561835,131.5152594580308,250.90928642840973,0.0,31.567921547303925,1.0179400987158321e-218,724.1546720177723
lambda_,attack.init.eps,-0.2621823504164406,0.7693707158449344,0.05061575007475538,-0.36138739761344174,-0.1629773032194395,0.6967090427597221,0.8496104716181923,0.0,-5.179857060879636,2.220559869421345e-07,22.10257319529206
lambda_,data.sample.random_state,0.039987760271119666,1.0407980350286585,0.033533949055818864,-0.02573757213768625,0.10571309267992558,0.9745908158368687,1.1115029324274255,0.0,1.1924560452023747,0.23308247586129016,2.101087554334752
lambda_,model.trainer.batch_size,-7.276413984796973e-06,0.9999927236124883,5.847625812890811e-06,-1.8737549973129718e-05,4.184722003535773e-06,0.9999812626255736,1.0000041847307597,0.0,-1.2443364568157673,0.21337575874362463,2.2285318115407655
lambda_,model.trainer.nb_epoch,0.0023672189967634026,1.0023700230718362,0.0010799349570158449,0.0002505853753665354,0.0044838526181602695,1.0002506167745044,1.004493920126762,0.0,2.1920014547030453,0.028379401593760546,5.139012020630522
lambda_,train_time,-0.001665620047839562,0.9983357663274007,9.858170598915931e-05,-0.0018588366411128308,-0.0014724034545662932,0.9981428899257488,0.9985286799995744,0.0,-16.8958330668646,4.8284582557894327e-64,210.3318354679532
lambda_,Intercept,-0.31279870649168634,0.7313971232450167,0.06943263082810411,-0.44888416226663586,-0.17671325071673682,0.6383400382743387,0.8380200517223155,0.0,-4.505067757926226,6.635176744666198e-06,17.201433673396036
rho_,Intercept,1.173737876885698,3.234058586804022,0.03934913741313753,1.096614984733231,1.2508607690381652,2.994014068048019,3.4933486300215604,0.0,29.828808305562024,1.6533506191991436e-195,647.050585799615
