param,covariate,coef,exp(coef),se(coef),coef lower 95%,coef upper 95%,exp(coef) lower 95%,exp(coef) upper 95%,cmp to,z,p,-log2(p)
lambda_,accuracy,-0.24170649591920243,0.7852866285610978,0.09229959985155686,-0.42261038741571244,-0.06080260442269245,0.6553339097172243,0.9410089724533711,0.0,-2.6187166174927405,0.008826123441515947,6.824004359779921
lambda_,attack.init.eps,0.4894410566191668,1.63140410254355,0.06918519494579121,0.3538405662620334,0.6250415469763002,1.4245280505418676,1.8683235790151986,0.0,7.074361169360863,1.5013878880791691e-12,39.276840388928726
lambda_,data.sample.random_state,0.0089682912497013,1.0090086268640128,0.04157073405323809,-0.07250885030553814,0.09044543280494075,0.930057515330675,1.0946617733893838,0.0,0.2157356961321862,0.8291937748550128,0.27021880938493825
lambda_,model.trainer.batch_size,-2.6338705597058782e-05,0.9999736616412636,7.286157774891282e-06,-4.061931242152219e-05,-1.205809877259537e-05,0.9999593815125315,0.9999879419739259,0.0,-3.6148964119091955,0.00030046773804888433,11.700502285969309
lambda_,model.trainer.nb_epoch,-0.004248716394641984,0.9957602966317433,0.0013031364404670334,-0.006802816884899093,-0.0016946159043848739,0.9932202698925144,0.9983068191464123,0.0,-3.2603772427078153,0.0011126411898635257,9.811795864545838
lambda_,predict_proba_time,0.45684574968040076,1.5790852910519404,0.01800774766899821,0.42155121280647917,0.49214028655432235,1.5243242739403613,1.6358135857607876,0.0,25.369399776014053,5.490272474724021e-142,469.2569117240139
lambda_,train_time,0.0009312051641933459,1.0009316388703349,0.00012159230904898163,0.0006928886176602782,0.0011695217107264137,1.0006931287204301,1.0011702058679284,0.0,7.658421585021664,1.8823211294733332e-14,45.59448055137844
lambda_,Intercept,-2.6004017896555705,0.07424374185329716,0.07952086397145865,-2.7562598190591383,-2.4445437602520026,0.06352893427060773,0.08676571183926297,0.0,-32.700874459675106,1.517691455522775e-234,776.7292956808946
rho_,Intercept,0.9927469055950745,2.698637202024029,0.034821838022111695,0.9244973571962481,1.060996453993901,2.5206009799464395,2.889248558612727,0.0,28.509319495561524,8.978507159844018e-179,591.4586533942286
