param,covariate,coef,exp(coef),se(coef),coef lower 95%,coef upper 95%,exp(coef) lower 95%,exp(coef) upper 95%,cmp to,z,p,-log2(p)
lambda_,accuracy,-0.27214272017558294,0.7617455368746803,0.045588810989483655,-0.36149514781297476,-0.18279029253819115,0.6966339762656358,0.8329428117459998,0.0,-5.96950686514637,2.379717486867704e-09,28.64656254284269
lambda_,attack.init.eps,0.5692618606112566,1.766962305474688,0.03293293122852019,0.5047145014980225,0.6338092197244907,1.6565125211004783,1.8847764500411195,0.0,17.285490218321993,6.050476924632927e-67,219.97213349115128
lambda_,data.sample.random_state,0.026811197670993676,1.0271738516393696,0.018790053110539075,-0.010016629693257725,0.06363902503524507,0.9900333696610197,1.0657076355445592,0.0,1.4268824847522998,0.1536137702655776,2.702620546774872
lambda_,model.trainer.batch_size,-1.727392838115418e-05,0.9999827262208123,3.259125004203129e-06,-2.3661696010506264e-05,-1.0886160751802097e-05,0.9999763385839253,0.9999891138985022,0.0,-5.300173622943848,1.1569260765495884e-07,23.043199979889284
lambda_,model.trainer.nb_epoch,-0.0012517854417466918,0.998748997714834,0.0005962162610925704,-0.0024203478404852593,-8.32230430081243e-05,0.9975825788396786,0.9999167804199333,0.0,-2.099549313621179,0.03576850550653578,4.8051663494218015
lambda_,predict_proba_time,0.4525186692002335,1.5722672237137976,0.00887824984797362,0.43511761925245696,0.46991971914801,1.5451447870385573,1.5998657494762052,0.0,50.96935510364318,0.0,inf
lambda_,train_time,0.0011564009590314093,1.0011570698484304,7.018447555661185e-05,0.0010188419146666184,0.0012939600033962002,1.0010193611104015,1.001294797530845,0.0,16.476591865371123,5.4046984249177915e-61,200.2033996684141
lambda_,Intercept,-2.7420340387476863,0.0644391417890055,0.0389627470188107,-2.8183996196433005,-2.665668457852072,0.05970141126141501,0.06955284484518126,0.0,-70.3757883761088,0.0,inf
rho_,Intercept,1.066328084018203,2.9046941013469327,0.01820105039175422,1.030654680769566,1.10200148726684,2.80290023904445,3.010184845278706,0.0,58.58607393896843,0.0,inf
