,AIC,Concordance,BIC,Mean $S(t;\theta)$,Median $S(t;\theta)$
weibull,-6358.116067644427,0.8337337081523128,-6358.116067644427,0.0025830355651188033,0.0019526948672111656
cox,,0.8470483005366727,,0.002237806785940779,0.00198771827
log_logistic,-6618.485955132429,0.8622029133657041,-6618.485955132429,0.0027416968912369433,0.001889777733818192
log_normal,-6596.086020801481,0.8619984666496294,-6596.086020801481,0.002697612384478534,0.001857763271665057
