,AIC,Concordance,BIC,Mean $S(t;\theta)$,Median $S(t;\theta)$
weibull,-361.2787715991888,0.8449120261200798,-361.2787715991888,0.3309037861640929,0.17879810278718916
cox,,0.8473607836023943,,0.23810490166012868,0.162111995
log_logistic,-370.66154060626354,0.8523489932885906,-370.66154060626354,0.3179193370340991,0.17227238090521718
log_normal,-371.9045759479183,0.8511699619082169,-371.9045759479183,0.31254428463321654,0.17370303698411257
