covariate,coef,exp(coef),se(coef),coef lower 95%,coef upper 95%,exp(coef) lower 95%,exp(coef) upper 95%,cmp to,z,p,-log2(p)
accuracy,2.1386490690623474,8.4879632279473,0.38614466699943656,1.3818194289212395,2.8954787092034553,3.982140261568135,18.092160252189263,0.0,5.538465895905971,3.051326492426117e-08,24.96598820232128
train_time,-0.0009481588674508192,0.9990522904931352,0.00032249365153760905,-0.001580234809707343,-0.0003160829251942953,0.9984210131039007,0.9996839670237506,0.0,-2.9400853720069136,0.003281218262784614,8.251552721234344
model.trainer.nb_epoch,0.0029040800095244137,1.0029083009348545,0.002043027543250896,-0.0011001803946706899,0.006908340413719518,0.9989004245818982,1.006932258042674,0.0,1.421459059187914,0.1551833475734327,2.687954341886716
model.trainer.batch_size,3.39486523353759e-05,1.0000339492285975,2.972099942249119e-05,-2.4303436117242574e-05,9.220074078799439e-05,0.999975696859209,1.0000922049914072,0.0,1.1422446416685927,0.25335234467574186,1.9807829143931492
data.sample.random_state,0.4623315615983233,1.587771660070301,0.1047817370180362,0.256963130805425,0.6676999923912216,1.2929974541058125,1.9497477249604016,0.0,4.412329617314338,1.022642653703523e-05,16.57733836825217
adv_fit_time,0.4144261198880989,1.5135019227644295,0.8169115321569166,-1.1866910616948918,2.0155433014710895,0.3052295807694726,7.504803644643106,0.0,0.5073084459878745,0.61193841334583,0.7085416302561369
attack.init.eps,-0.27974683665716266,0.7559751024159427,0.1630492187306749,-0.5993174330766791,0.03982375976235375,0.5491863646380638,1.040627357617365,0.0,-1.715720190718909,0.08621326748594342,3.5359462849233823
