param,covariate,coef,exp(coef),se(coef),coef lower 95%,coef upper 95%,exp(coef) lower 95%,exp(coef) upper 95%,cmp to,z,p,-log2(p)
mu_,accuracy,-0.23753689992275534,0.7885677923535862,0.06763877628030115,-0.3701064653905077,-0.104967334455003,0.6906607952516626,0.9003539326578155,0.0,-3.5118450241970836,0.00044500741504894864,11.13388300399801
mu_,attack.init.eps,0.40322445995538336,1.4966427903382158,0.02909468357159596,0.3461999280134661,0.4602489918973006,1.4136852228444747,1.5844684556894353,0.0,13.859042631040543,1.121602132889507e-43,142.67734708219845
mu_,data.sample.random_state,0.09124114984054794,1.0955331610537244,0.02046584077338052,0.05112883901139076,0.13135346066970513,1.0524584822588257,1.140370786306427,0.0,4.458216539983217,8.264439267404185e-06,16.884651631667243
mu_,model.trainer.batch_size,-1.781278832888539e-05,0.999982187370318,4.612502179659353e-06,-2.685312647963022e-05,-8.77245017814056e-06,0.9999731472340625,0.9999912275882997,0.0,-3.8618493032779266,0.00011253197453920462,13.11737739628522
mu_,model.trainer.nb_epoch,0.0006715799336759652,1.0006718054939707,0.0004322772626687392,-0.00017566793249032444,0.0015188277998422549,0.9998243474962176,1.001519981802955,0.0,1.5535860700372004,0.12028318417257235,3.05549312990093
mu_,predict_proba_time,0.3759629193832846,1.4563931288144272,0.031507742333304466,0.31420887917583984,0.4377169595907293,1.3691756989721193,1.5491663686773252,0.0,11.932397929568012,8.022862027225959e-33,106.61951014448866
mu_,train_time,0.0009053281807643107,1.0009057381140205,2.172347118706748e-05,0.0008627509596184649,0.0009479054019101565,1.0008631232362808,1.0009483548062221,0.0,41.67511595951916,0.0,inf
mu_,Intercept,-2.7888770848725923,0.06149022346393084,0.04359041655742935,-2.874312731396252,-2.7034414383489325,0.05645492587200282,0.06697462662898034,0.0,-63.97913360608317,0.0,inf
sigma_,Intercept,-0.9666648175636776,0.38034945989393154,0.018711159831713987,-1.0033380169428097,-0.9299916181845457,0.3666535006074097,0.39455701746184807,0.0,-51.66247449424565,0.0,inf
