param,covariate,coef,exp(coef),se(coef),coef lower 95%,coef upper 95%,exp(coef) lower 95%,exp(coef) upper 95%,cmp to,z,p,-log2(p)
alpha_,accuracy,-0.2628884061468271,0.7688276889683985,0.06783061298170633,-0.39583396464024656,-0.1299428476534077,0.6731184481234134,0.878145617569099,0.0,-3.8756601863192244,0.00010633599761818685,13.199082308609063
alpha_,attack.init.eps,0.40609515109566613,1.5009453622594116,0.02858625247515655,0.3500671257913903,0.46212317639994194,1.4191628078226326,1.5874408264295468,0.0,14.205959716076501,8.41419688219909e-46,149.73586678896902
alpha_,data.sample.random_state,0.09244653415489211,1.0968544957399686,0.019836681333913562,0.05356735316762357,0.13132571514216065,1.0550280488556265,1.1403391465562975,0.0,4.660383085190864,3.1562140021132103e-06,18.273373540994214
alpha_,model.trainer.batch_size,-1.2305032991087643e-05,0.9999876950427156,4.375626952686169e-06,-2.0881104228135283e-05,-3.7289617540400047e-06,0.9999791191137807,0.9999962710451986,0.0,-2.812175974812858,0.004920757401345706,7.666903892864411
alpha_,model.trainer.nb_epoch,0.0003173019686469217,1.0003173523142415,0.0004347316787861057,-0.0005347564647124809,0.0011693604020063244,0.9994653864920425,1.0011700443704572,0.0,0.7298800251523397,0.4654635230170395,1.1032599823651794
alpha_,predict_proba_time,0.43051732944291526,1.5380529978699589,0.03059599451672818,0.37055028211894303,0.4904843767668875,1.448531496369517,1.6331070675271715,0.0,14.071035645124477,5.722517755658263e-45,146.97011423579204
alpha_,train_time,0.0009330391025957931,1.0009334745189888,2.540846511202854e-05,0.0008832394260737746,0.0009828387791178115,1.0008836295968786,1.0009833219234219,0.0,36.721584656213096,3.3046029178885967e-295,978.2443110643081
alpha_,Intercept,-2.865404663696837,0.05696007679247455,0.04333520361068647,-2.9503401020364923,-2.7804692253571814,0.05232190813455784,0.06200940416509173,0.0,-66.1218691722087,0.0,inf
beta_,Intercept,1.5142527633607281,4.546022902489183,0.022400301494575836,1.4703489791885207,1.5581565475329355,4.350753198482772,4.750056665398325,0.0,67.59965992990763,0.0,inf
