param,covariate,coef,exp(coef),se(coef),coef lower 95%,coef upper 95%,exp(coef) lower 95%,exp(coef) upper 95%,cmp to,z,p,-log2(p)
alpha_,accuracy,-0.257462341882042,0.7730107358948489,0.13240897658682801,-0.5169791672220321,0.0020544834579481752,0.5963192104902293,1.002056595355126,0.0,-1.9444477898612065,0.051841475641812886,4.269749405371125
alpha_,attack.init.eps,0.4951821141546516,1.6407970242127345,0.053296745200021964,0.39072241306940053,0.5996418152399026,1.4780481696080638,1.8214662620767383,0.0,9.291038548343614,1.5279010458780988e-20,65.82701078712475
alpha_,data.sample.random_state,0.08723119365390665,1.0911489172644329,0.03732202908826215,0.014081360810956567,0.16038102649685673,1.0141809701680462,1.173958094924681,0.0,2.3372575335498316,0.01942579722693429,5.685882382300386
alpha_,model.trainer.batch_size,-1.1424872004615994e-05,0.999988575193259,9.104291383747268e-06,-2.926895522151897e-05,6.419211212286983e-06,0.9999707314731102,1.0000064192318154,0.0,-1.254888658881389,0.2095191815798513,2.2548457655052494
alpha_,model.trainer.nb_epoch,-7.004575139514383e-05,0.9999299567017512,0.0008151420953773724,-0.0016676949006173072,0.0015276033978270198,0.9983336949298117,1.0015287707782534,0.0,-0.08593072519793736,0.9315214866631115,0.10233904784089784
alpha_,predict_proba_time,0.32610991399697337,1.385567653782414,0.06221047609279179,0.2041796213940114,0.4480402065999353,1.2265184426237394,1.5652416274322931,0.0,5.242041766575696,1.58809409809127e-07,22.586200266322816
alpha_,train_time,0.0009674607298738705,1.000967928870963,4.282893164455883e-05,0.0008835175663542074,0.0010514038933935336,1.0008839079829708,1.0010519568122305,0.0,22.588953138101,5.565077765328682e-113,372.9014728746202
alpha_,Intercept,-2.8005762922284556,0.06077502835467369,0.08658833619068017,-2.970286312643435,-2.6308662718134763,0.05128862364811299,0.07201604973556909,0.0,-32.34357438236459,1.7081723614969135e-229,759.9490801731406
beta_,Intercept,1.5468504785000303,4.696654649121673,0.04334561001260769,1.4618946439874005,1.63180631301266,4.314125522058247,5.113102245247653,0.0,35.6864392507132,6.416815349010742e-279,924.136081004905
