param,covariate,coef,exp(coef),se(coef),coef lower 95%,coef upper 95%,exp(coef) lower 95%,exp(coef) upper 95%,cmp to,z,p,-log2(p)
alpha_,accuracy,-0.45816488860911087,0.6324431849322729,0.09936639615399874,-0.6529194463444877,-0.263410330873734,0.5205239147046281,0.7684265234849946,0.0,-4.610863494526296,4.009998008345679e-06,17.927967049190244
alpha_,adv_fit_time,-0.3534547788959407,0.7022577487407696,0.1829809915553495,-0.7120909321998534,0.005181374407972117,0.49061727676254163,1.0051948209421615,0.0,-1.931647521917734,0.05340302609497264,4.226934694893443
alpha_,attack.init.eps,0.03925728461432945,1.0400380350149838,0.04441251645783154,-0.04778964810581278,0.12630421733447167,0.9533343016636024,1.1346272890740006,0.0,0.883923896805153,0.37673729625181485,1.4083692305586544
alpha_,data.sample.random_state,-0.2025929477919071,0.8166105769205602,0.02862617581109977,-0.2586992213967743,-0.14648667418703987,0.7720552058105656,0.8637372422590096,0.0,-7.0771921869267596,1.4710446237358122e-12,39.306296127632834
alpha_,model.trainer.batch_size,-2.0150196729544363e-05,0.9999798500062843,7.698335737012927e-06,-3.523865751498731e-05,-5.061735944101414e-06,0.9999647619633593,0.9999949382768665,0.0,-2.617474401988468,0.008858313212669874,6.818752275655515
alpha_,model.trainer.nb_epoch,-0.0013271723918748884,0.9986737079119227,0.0006284483297215955,-0.0025589084842735687,-9.543629947620833e-05,0.9974443627312,0.9999045682544225,0.0,-2.1118242011444757,0.03470153070507816,4.848856887434618
alpha_,train_time,0.0003714387666771451,1.0003715077585977,7.92661294197266e-05,0.00021608000782059013,0.0005267975255337001,1.0002161033547872,1.0005269363077192,0.0,4.68597078470072,2.7863601169615063e-06,18.453186841399464
alpha_,Intercept,0.10715778297928931,1.113109870415989,0.04155128853772275,0.025718753934120764,0.18859681202445785,1.0260523347070787,1.2075539830736002,0.0,2.5789280369008307,0.00991074305694486,6.65679105728244
beta_,Intercept,1.8389638690728172,6.2900176017119716,0.041954232392421804,1.7567350845846468,1.9211926535609876,5.793491223605372,6.8290983627701065,0.0,43.83261864671821,0.0,inf
