param,covariate,coef,exp(coef),se(coef),coef lower 95%,coef upper 95%,exp(coef) lower 95%,exp(coef) upper 95%,cmp to,z,p,-log2(p)
mu_,accuracy,-0.43861616680029303,0.6449282770120537,0.09974600458843363,-0.63411474339539,-0.24311759020519613,0.5304048249196315,0.7841792965453501,0.0,-4.39733068617722,1.0959031265488636e-05,16.47752019897088
mu_,adv_fit_time,-0.24108101733132234,0.7857779621759207,0.19463686800263996,-0.6225622686801731,0.1404002340175284,0.5365678437653163,1.150734269702903,0.0,-1.2386194856364645,0.21548644842857667,2.214330951325348
mu_,attack.init.eps,0.06277706492810423,1.0647894338603054,0.04435404660746361,-0.024155268991135417,0.14970939884734386,0.9761341346284585,1.1614966614112865,0.0,1.415362739812347,0.15696216839042462,2.671511217633324
mu_,data.sample.random_state,-0.17280387630337488,0.8413025980410453,0.028484711329371804,-0.22863288461896364,-0.1169748679877861,0.7956205644439657,0.8896075505102927,0.0,-6.066548272342484,1.3068845924452554e-09,29.511221107847707
mu_,model.trainer.batch_size,-1.558683280038444e-05,0.9999844132886737,7.2862120009121005e-06,-2.986754590589568e-05,-1.3061196948731984e-06,0.9999701329001248,0.9999986938811581,0.0,-2.139223069330573,0.03241760669922374,4.947078605107225
mu_,model.trainer.nb_epoch,-0.000872982798278232,0.9991273981403458,0.0006254189096042272,-0.002098781336352829,0.00035281573979636493,0.9979034195651898,1.00035287798659,0.0,-1.3958369100650736,0.16276361269340955,2.619149887017175
mu_,train_time,0.000286227173041973,1.0002862681399478,8.101978681160388e-05,0.00012743130885611615,0.0004450230372278299,1.0001274394285702,1.0004451220746704,0.0,3.532805803445767,0.0004111743829468703,11.247961995238372
mu_,Intercept,0.07267712626633743,1.0753832678448825,0.042458581585087404,-0.010540164475089445,0.1558944170077643,0.9895151884116175,1.168702801436616,0.0,1.7117181863622029,0.08694861545543371,3.5236931351178846
sigma_,Intercept,-1.2683283749790508,0.28130145953088287,0.03539962462579473,-1.3377103643118458,-1.1989463856462559,0.2624458866460313,0.30151172169419693,0.0,-35.828865090700845,3.9247458460828946e-281,931.4891954306102
