param,covariate,coef,exp(coef),se(coef),coef lower 95%,coef upper 95%,exp(coef) lower 95%,exp(coef) upper 95%,cmp to,z,p,-log2(p)
mu_,accuracy,-0.22208717378305276,0.800845548555542,0.1299687870407235,-0.47682131549722695,0.03264696793112143,0.6207534384037584,1.0331857271551181,0.0,-1.7087731511525572,0.08749297789325049,3.5146889575739406
mu_,attack.init.eps,0.4765564815986474,1.6105189908212174,0.054130160713920954,0.37046331612199734,0.5826496470752974,1.4484055288613522,1.7907770773526783,0.0,8.803899255301651,1.3214301645256618e-18,59.392605525107854
mu_,data.sample.random_state,0.0897376768913184,1.0938872941493114,0.03793020324501542,0.01539584460480388,0.16407950917783293,1.0155149711866391,1.1783079976684891,0.0,2.365863328272865,0.017988083499784292,5.796814703721362
mu_,model.trainer.batch_size,-1.3290735139708707e-05,0.9999867093531817,9.389923670684856e-06,-3.169464735183117e-05,5.1131770724137555e-06,0.9999683058549181,1.0000051131901446,0.0,-1.4154252585888534,0.1569438481680642,2.671679615131831
mu_,model.trainer.nb_epoch,0.00012789515628048562,1.0001279033352146,0.0008061418494168587,-0.001452113835007069,0.0017079041475680401,0.9985489399721434,1.0017093634465193,0.0,0.15865093267766897,0.8739438984681398,0.19438742385665297
mu_,predict_proba_time,0.2655809348809232,1.3041884042840919,0.06345409657742795,0.14121319091763812,0.3899486788442083,1.1516701474302353,1.476904995466266,0.0,4.185402506784666,2.8466122854346343e-05,15.100394466067414
mu_,train_time,0.0009717419355395447,1.0009722142297044,3.982070384705814e-05,0.0008936947901602752,0.0010497890809188144,1.00089409425434,1.0010503403023479,0.0,24.4029321850205,1.591903801254825e-131,434.50182727378876
mu_,Intercept,-2.7256816299648223,0.06550153968573125,0.08628739936535586,-2.894801825040544,-2.5565614348891006,0.05530998506270721,0.07757101536616152,0.0,-31.588408620635466,5.326926897560497e-219,725.0889492976781
sigma_,Intercept,-1.0087517143550968,0.3646739127795465,0.03635070727163436,-1.0799977914200585,-0.9375056372901353,0.33959627566963363,0.3916034190884853,0.0,-27.750538849687217,1.7165844380057281e-169,560.6263072114125
