param,covariate,coef,exp(coef),se(coef),coef lower 95%,coef upper 95%,exp(coef) lower 95%,exp(coef) upper 95%,cmp to,z,p,-log2(p)
lambda_,accuracy,-0.2750131990518899,0.7595620976592641,0.07308383287442988,-0.4182548793379169,-0.13177151876586296,0.6581944468788697,0.8765412454273062,0.0,-3.7629827040462986,0.00016789881778077058,12.540120307629625
lambda_,attack.init.eps,0.4712408947117651,1.601980849911547,0.03414476859504038,0.4043183780050317,0.5381634114184985,1.4982808907108716,1.7128581559000602,0.0,13.801261923919267,2.5043004074207976e-43,141.51850044667967
lambda_,data.sample.random_state,0.09309384315389496,1.0975647293711688,0.022837063123898663,0.0483340219183858,0.1378536643894041,1.049521159854315,1.1478075728619186,0.0,4.076436740084743,4.573108933853539e-05,14.416465189130012
lambda_,model.trainer.batch_size,-2.8145956606670395e-05,0.9999718544394871,4.886034625233205e-06,-3.772240849934314e-05,-1.856950471399765e-05,0.9999622783029818,0.9999814306676982,0.0,-5.7604906157059865,8.38697934215744e-09,26.82920155139802
lambda_,model.trainer.nb_epoch,0.0012430474650096314,1.0012438203687286,0.0004632987340457611,0.00033499863219693877,0.002151096297822324,1.0003350547505052,1.002153411565287,0.0,2.683036610427804,0.007295700319236525,7.098737814593483
lambda_,predict_proba_time,0.2082019765127369,1.2314618708063498,0.03169344731137619,0.14608396123652176,0.27031999178895205,1.1572933517525785,1.310383695675193,0.0,6.569243618948449,5.057148683743452e-11,34.20288484841898
lambda_,train_time,0.00101551049365962,1.0010160262990282,3.2985521397910636e-05,0.0009508600597084398,0.0010801609276108002,1.0009513122704534,1.0010807445115282,0.0,30.786552724430916,3.966417819958247e-208,688.9732070784115
lambda_,Intercept,-2.491069857770384,0.08282131213546667,0.04612056493578531,-2.581464503991164,-2.400675211549604,0.07566311391085284,0.09065672015458139,0.0,-54.012128022255496,0.0,inf
rho_,Intercept,0.8679113409308395,2.3819306133452174,0.018051626491102438,0.8325308031459097,0.9032918787157694,2.299130029058841,2.467713167625249,0.0,48.07939834998408,0.0,inf
