param,covariate,coef,exp(coef),se(coef),coef lower 95%,coef upper 95%,exp(coef) lower 95%,exp(coef) upper 95%,cmp to,z,p,-log2(p)
lambda_,accuracy,-0.27595528896908195,0.7588468588281234,0.1506639614332016,-0.5712512271462888,0.019340649208124894,0.5648182804187969,1.0195288911795388,0.0,-1.8315945388932942,0.06701185105337418,3.899439930861037
lambda_,attack.init.eps,0.5318353131101896,1.7020532444290475,0.06475786756654221,0.4049122249641524,0.6587584012562269,1.4991709045015646,1.9323915893595993,0.0,8.21267489334327,2.1631465175751362e-16,52.037718130743436
lambda_,data.sample.random_state,0.0983171664500342,1.1033126633814723,0.04229971821151054,0.015411242199280514,0.1812230907007879,1.0155306077947328,1.1986825643998393,0.0,2.3242983785003153,0.02010950766665891,5.635978428646847
lambda_,model.trainer.batch_size,-2.2882941110899818e-05,0.9999771173207016,1.0016438318286735e-05,-4.2514799468108766e-05,-3.2510827536908694e-06,0.9999574861042732,0.9999967489225311,0.0,-2.284538713638666,0.022339890076017006,5.484234102752749
lambda_,model.trainer.nb_epoch,0.0005504371484203303,1.0005505886667467,0.0009392100125520285,-0.0012903806501010579,0.0023912549469417184,0.9987104515330273,1.0023941162773213,0.0,0.5860639697874156,0.5578325276248786,0.8420960334596623
lambda_,predict_proba_time,0.0959011412920288,1.100650249753831,0.06497365750663432,-0.031444887364815,0.22324716994887261,0.969044361570455,1.2501295300040738,0.0,1.4760003510997752,0.1399437979776874,2.837080543847211
lambda_,train_time,0.0010352408925832148,1.0010357769393994,6.0179864771145115e-05,0.0009172905250372796,0.00115319126012915,1.0009177113646586,1.0011538564408393,0.0,17.202446308579766,2.545539275141269e-66,217.8992829374417
lambda_,Intercept,-2.4189760865067416,0.08901271213191891,0.09515501195635105,-2.6054764828896677,-2.2324756901238154,0.0738679320051905,0.10726255231462441,0.0,-25.421425910979444,1.4618611292469213e-142,471.16598320625997
rho_,Intercept,0.887812972788305,2.4298097759550106,0.034794922215867295,0.8196161784003324,0.9560097671762775,2.2696285378752297,2.60129596046307,0.0,25.515590099047312,1.3236434385920693e-143,474.6312030257917
