,AIC,Concordance,BIC,Mean $S(t;\theta)$,Median $S(t;\theta)$
weibull,-778.3100222329717,0.8861947231512449,-778.3100222329717,0.23778539751373812,0.2037038666632069
cox,,0.8883779264214047,,0.18482235463131785,0.20124964699999998
log_logistic,-759.495511383444,0.884150873281308,-759.495511383444,0.22582234761935485,0.2036538520546
log_normal,-752.1368729320484,0.8814102564102564,-752.1368729320484,0.2249512331875403,0.20249016894598992
