covariate,coef,exp(coef),se(coef),coef lower 95%,coef upper 95%,exp(coef) lower 95%,exp(coef) upper 95%,cmp to,z,p,-log2(p)
accuracy,-0.048136421071363567,0.9530037684139632,0.15476788853930357,-0.35147590857170796,0.25520306642898083,0.7036488016624498,1.2907236969145,0.0,-0.31102331062130656,0.7557829005735294,0.40395621658697056
train_time,0.00254860404989905,1.0025518545019858,0.0006005890194486549,0.0013714712022694603,0.00372573689752864,1.0013724120989873,1.003732686082842,0.0,4.243507569017307,2.2005294719867496e-05,15.471789780366523
model.trainer.nb_epoch,0.012700223773702385,1.0127812141176384,0.003381743227489757,0.006072128842860219,0.019328318704544552,1.0060906015879045,1.019516319952401,0.0,3.7555257508801656,0.0001729779736816845,12.497124036966705
model.trainer.batch_size,1.0947166268290874e-05,1.0000109472261887,1.7924738828590813e-05,-2.4184676268033798e-05,4.607900880461554e-05,0.9999758156161788,1.0000460800704585,0.0,0.6107294713175749,0.5413786918863206,0.8852899892238418
data.sample.random_state,0.040066405116535045,1.0408798916479904,0.015808664484922984,0.009081992082408553,0.07105081815066154,1.0091233585075141,1.073635784667118,0.0,2.5344585657281247,0.011262124496737002,6.472377185465242
adv_fit_time,-16.807341545400714,5.0195445302009015e-08,1.0988188998620496,-18.960987014662255,-14.653696076139173,5.825698009816603e-09,4.3249456542741343e-07,0.0,-15.295824951236986,8.152125884534871e-53,173.0350126993626
attack.init.eps,1.432292938503725,4.188291685492053,0.1876828671126916,1.0644412784476325,1.8001445985598177,2.8992186754921025,6.050522297972016,0.0,7.6314527827610625,2.321228590906161e-14,45.29210472442757
