param,covariate,coef,exp(coef),se(coef),coef lower 95%,coef upper 95%,exp(coef) lower 95%,exp(coef) upper 95%,cmp to,z,p,-log2(p)
alpha_,accuracy,-0.13138706584586726,0.8768782990550815,0.03963735454404942,-0.2090748531946492,-0.053699278497085334,0.8113345023909677,0.9477170625528336,0.0,-3.314728426183321,0.0009173219711408967,10.09028418483473
alpha_,attack.init.eps,0.8670160021573446,2.3797989329417755,0.04268627271514287,0.7833524450014098,0.9506795593132795,2.1887978036613767,2.587467399573008,0.0,20.311354142892228,1.0205167102553193e-91,302.2661568290524
alpha_,data.sample.random_state,-0.0029519979030605604,0.9970523549584831,0.004028914642471803,-0.010848525499091361,0.0049445296929702415,0.9892101075347965,1.0049567740524608,0.0,-0.7327030143407215,0.46373958508570945,1.1086132136152107
alpha_,model.trainer.batch_size,7.885656877221997e-07,1.0000007885659987,4.534542873240737e-06,-8.098975030182421e-06,9.676106405626821e-06,0.9999919010577665,1.0000096761532193,0.0,0.17390191465068874,0.8619425478843483,0.21433638409343572
alpha_,model.trainer.nb_epoch,0.0009158267895105755,1.0009162462869172,0.0008431883148340658,-0.0007367919397492135,0.0025684455187703647,0.9992634794247814,1.0025717468007442,0.0,1.0861473924609648,0.27741378768300806,1.8498886023679402
alpha_,predict_proba_time,0.9099461081005622,2.4841886521322665,0.01937889458405039,0.8719641726556251,0.9479280435454993,2.3916037658904954,2.580357727896841,0.0,46.95552185156549,0.0,inf
alpha_,train_time,0.0006874013296362667,1.0006876376440748,8.292216034035147e-05,0.0005248768818489221,0.0008499257774236112,1.000525014653823,1.0008502870666862,0.0,8.289718053833244,1.1351722873490465e-16,52.96793824337672
alpha_,Intercept,-3.7657438006396378,0.023150386557534753,0.06642559322567337,-3.8959355710136654,-3.63555203026561,0.02032435067813784,0.02636937367646275,0.0,-56.691157997580135,0.0,inf
beta_,Intercept,1.8430976356295492,6.316072882236048,0.044383071305794684,1.7561084143469186,1.9300868569121798,5.789861752442556,6.890108669155718,0.0,41.527041311107126,0.0,inf
