param,covariate,coef,exp(coef),se(coef),coef lower 95%,coef upper 95%,exp(coef) lower 95%,exp(coef) upper 95%,cmp to,z,p,-log2(p)
mu_,accuracy,0.009277120552331642,1.0093202864169193,0.03945208684491593,-0.06804754877865005,0.08660178988331332,0.9342160516888657,1.0904623601051253,0.0,0.23514904518991636,0.8140930531720934,0.2967343867874898
mu_,adv_fit_time,4.760167671375061,116.76550249008932,0.14244334804705963,4.48098383936552,5.039351503384602,88.32152413697133,154.3698742179631,0.0,33.41797098031158,7.517073881117816e-245,810.9622120640554
mu_,attack.init.eps,-0.3939638410772209,0.6743784405975429,0.044749085152313094,-0.4816704363168706,-0.30625724583757113,0.6177506163891244,0.73619721142666,0.0,-8.803841234659448,1.3221138332875179e-18,59.39185931051476
mu_,data.sample.random_state,-0.012440635452205171,0.9876364293436403,0.003990627103152649,-0.020262120850113773,-0.004619150054296571,0.9799417764677075,0.9953915018121477,0.0,-3.117463779659318,0.0018241436000328405,9.098564979007794
mu_,model.trainer.batch_size,-4.497627451941312e-06,0.9999955023826623,4.474153344763127e-06,-1.326680686898646e-05,4.271551965103837e-06,0.9999867332811346,1.0000042715610882,0.0,-1.0052466031826246,0.3147781197762749,1.6675928322736324
mu_,model.trainer.nb_epoch,-0.0029066237754132073,0.9970975963656951,0.0008239288423735593,-0.004521494632289163,-0.0012917529185372519,0.9954887119357904,0.9987090810351381,0.0,-3.527760682633537,0.00041909087191706367,11.220449280613485
mu_,train_time,-0.0020057262652523134,0.9979962838595287,8.887425675417581e-05,-0.0021799166076432635,-0.001831535922861363,0.9978224576849982,0.9981701403155373,0.0,-22.56813545906895,8.912566759322448e-113,372.2220337442096
mu_,Intercept,-0.1457397526809314,0.8643826271768126,0.05906482275038513,-0.26150467802492827,-0.029974827336934518,0.7698922738406678,0.970469962554418,0.0,-2.467454330589371,0.013607757847346632,6.199426816466531
sigma_,Intercept,-1.350766559750894,0.2590416136433948,0.03496418134657734,-1.4192950959391128,-1.2822380235626751,0.24188446215584036,0.2774157422139056,0.0,-38.63286677190059,0.0,inf
