param,covariate,coef,exp(coef),se(coef),coef lower 95%,coef upper 95%,exp(coef) lower 95%,exp(coef) upper 95%,cmp to,z,p,-log2(p)
mu_,accuracy,-0.12580064045573885,0.8817906226381996,0.0425708623394314,-0.20923799743183696,-0.04236328347964076,0.8112021486391405,0.9585215022877797,0.0,-2.955087906199532,0.0031257997342927927,8.3215589348587
mu_,attack.init.eps,0.808066133588963,2.243565033624947,0.045627486094153034,0.7186379041393208,0.8974943630386051,2.0516367806068696,2.4534479532071884,0.0,17.71007352720476,3.5061413613785366e-70,230.72508247794934
mu_,data.sample.random_state,-0.0032587838101192233,0.9967465202626682,0.004374352696996308,-0.011832357551907638,0.005314789931669192,0.9882373695079204,1.0053289384820971,0.0,-0.7449750936537192,0.4562867766591385,1.1319872502747688
mu_,model.trainer.batch_size,-1.3871181844593296e-06,0.9999986128827776,4.8593858585700555e-06,-1.0911339454239888e-05,8.137103085321228e-06,0.9999890887200742,1.0000081371361917,0.0,-0.28545133579236065,0.7752983824370254,0.3671764399650388
mu_,model.trainer.nb_epoch,0.0014344104061258481,1.0014354396648,0.0009072894459809577,-0.00034384423155012786,0.003212665043801824,0.9996562148761028,1.0032178311830204,0.0,1.5809843402013448,0.11388161836042801,3.1343931945521684
mu_,predict_proba_time,0.913367634796597,2.492702927527531,0.021755383519816828,0.8707278666278998,0.9560074029652942,2.3886488387123075,2.6012898104578595,0.0,41.983522559582404,0.0,inf
mu_,train_time,0.0008118736119821793,1.0008122032705709,6.672152403187273e-05,0.000681101827886085,0.0009426453960782736,1.0006813338304055,1.0009430898258853,0.0,12.168091538112183,4.597052770338241e-34,110.74484599898268
mu_,Intercept,-3.7461001341323987,0.023609640983221856,0.07136907173042374,-3.885980944334085,-3.6062193239307123,0.02052768236808991,0.027154314713244285,0.0,-52.48912509724409,0.0,inf
sigma_,Intercept,-1.2614049842759185,0.28325577688547166,0.036391783069868455,-1.3327315684260552,-1.1900784001257818,0.2637558093597088,0.30419741401627143,0.0,-34.66180763537064,2.965853305405804e-263,872.0986417132134
