param,covariate,coef,exp(coef),se(coef),coef lower 95%,coef upper 95%,exp(coef) lower 95%,exp(coef) upper 95%,cmp to,z,p,-log2(p)
mu_,accuracy,-0.09275370160115519,0.9114179534363912,0.021849131266263512,-0.1355772119765197,-0.04993019122579068,0.8732117379212987,0.9512958309786809,0.0,-4.2451894526521965,2.1840880586786894e-05,15.482609450020638
mu_,attack.init.eps,0.705945151311629,2.025760430518254,0.02495954084402897,0.6570253501866758,0.7548649524365822,1.9290455563094213,2.1273242140038198,0.0,28.283579242224366,5.502651477256006e-176,582.1992177449334
mu_,data.sample.random_state,-0.0024115238341609942,0.9975913815535007,0.0022765748508189595,-0.006873528549875801,0.002050480881553813,0.9931500401166033,1.0020525845550783,0.0,-1.059277200261388,0.2894735552825687,1.7884965373647543
mu_,model.trainer.batch_size,-6.591876573875757e-06,0.9999934081451526,2.528179617907829e-06,-1.1547017571423337e-05,-1.6367355763281764e-06,0.9999884530490953,0.9999983632657633,0.0,-2.6073608564769626,0.009124314588311125,6.776068095884431
mu_,model.trainer.nb_epoch,-0.0002571484899154604,0.9997428845699237,0.0004762782374931394,-0.001190636682022228,0.0006763397021913072,0.998810071844605,1.0006765684714602,0.0,-0.5399123236638846,0.5892574986206853,0.7630298822196547
mu_,predict_proba_time,0.9046519165761646,2.471071634265026,0.01091927730333036,0.8832505263244315,0.9260533068278978,2.418749149878402,2.5245259608571664,0.0,82.84906513915965,0.0,inf
mu_,train_time,0.0004609242090317077,1.0004610304509174,2.511570486468794e-05,0.0004116983320505819,0.0005101500860128335,1.0004117830914403,1.0005102802346988,0.0,18.352031588002763,3.179968252240299e-75,247.4755947543646
mu_,Intercept,-3.6398760983432585,0.026255596876114992,0.03709511979562475,-3.712581197144882,-3.567170999541635,0.024414423430069537,0.028235619378667254,0.0,-98.12277513584334,0.0,inf
sigma_,Intercept,-1.2401174018484107,0.28935024569120504,0.018769137185886752,-1.2769042347536401,-1.2033305689431812,0.27889937236276663,0.3001927324980166,0.0,-66.07215822264347,0.0,inf
