param,covariate,coef,exp(coef),se(coef),coef lower 95%,coef upper 95%,exp(coef) lower 95%,exp(coef) upper 95%,cmp to,z,p,-log2(p)
alpha_,accuracy,-0.007667708813867294,0.9923616130735987,0.038978510766661104,-0.08406418608752979,0.06872876845979521,0.919372243293964,1.0711456412624767,0.0,-0.1967163101681555,0.8440495458178964,0.24460040708309302
alpha_,adv_fit_time,4.951167540478911,141.33988766530277,0.14316018045643542,4.670578742764043,5.2317563381937795,106.75951085111193,187.12116312616416,0.0,34.58480930027595,4.2747986059159053e-262,868.2493044070612
alpha_,attack.init.eps,-0.43364429362503415,0.6481427629991109,0.04495080964720617,-0.5217462616094739,-0.34554232564059445,0.5934832655080948,0.7078363715419568,0.0,-9.647085270064462,5.057271666908618e-22,70.74405880817191
alpha_,data.sample.random_state,-0.011382855077207543,0.9886816845039692,0.003901551944592217,-0.0190297563724205,-0.0037359537819945856,0.981150166338676,0.9962710162107775,0.0,-2.917519807210271,0.003528272390712033,8.14682234010461
alpha_,model.trainer.batch_size,-2.078317558577547e-06,0.9999979216846011,4.483230704473576e-06,-1.0865288273729891e-05,6.708653156574796e-06,0.9999891347707534,1.0000067086756594,0.0,-0.46357586650709387,0.6429516482344436,0.637217847964429
alpha_,model.trainer.nb_epoch,-0.0025066246877163234,0.9974965142726666,0.0008180701957186736,-0.004110012808150557,-0.00090323656728209,0.9958984217351741,0.9990971712280783,0.0,-3.064070419426852,0.002183475073230521,8.839158223400563
alpha_,train_time,-0.002032590131910871,0.9979694741805407,0.00011507588643075096,-0.0022581347248041644,-0.0018070455390175777,0.9977444129433933,0.9981945861847581,0.0,-17.663041276106263,8.076811581596145e-70,229.52118075795462
alpha_,Intercept,-0.17389997554765546,0.8403809520991061,0.05808487148463719,-0.28774423170418195,-0.060055719391129,0.749953382009584,0.9417120604997482,0.0,-2.993894470329509,0.00275441195087659,8.504039939044981
beta_,Intercept,1.928855363600607,6.881628768955532,0.04024952390684396,1.8499677463483089,2.007742980852905,6.3596143985061495,7.44649149244652,0.0,47.92243923343967,0.0,inf
