param,covariate,coef,exp(coef),se(coef),coef lower 95%,coef upper 95%,exp(coef) lower 95%,exp(coef) upper 95%,cmp to,z,p,-log2(p)
alpha_,accuracy,-0.08734708427459512,0.9163589866368851,0.020523093701350983,-0.12757160878058388,-0.047122559768606354,0.8802303813530954,0.9539704720250238,0.0,-4.256038857769542,2.0808055824081416e-05,15.552498299559927
alpha_,attack.init.eps,0.7856389543252335,2.193808236264915,0.02395000684373785,0.7386978034820194,0.8325801051684475,2.093207970849825,2.299243383613632,0.0,32.8032872579597,5.285711452026798e-236,781.5729327232796
alpha_,data.sample.random_state,-0.002226308784469513,0.9977761676028574,0.002126949878706037,-0.006395053943655183,0.0019424363747161566,0.9936253508939666,1.0019443241263324,0.0,-1.0467142675801662,0.29523138133775606,1.760082015446677
alpha_,model.trainer.batch_size,-2.8880534887624188e-06,0.9999971119506817,2.383044562408166e-06,-7.558735004636437e-06,1.7826280271115998e-06,0.9999924412935627,1.0000017826296161,0.0,-1.211917533696441,0.22554394965841118,2.148519509405943
alpha_,model.trainer.nb_epoch,-0.000125675407908784,0.9998743324889146,0.00044111535212956054,-0.0009902456111104264,0.0007388947952928585,0.9990102445202781,1.0007391678452997,0.0,-0.28490372711370004,0.775717900450564,0.36639600125638977
alpha_,predict_proba_time,0.904788278566674,2.471408617487095,0.009779749855680437,0.8856203210717295,0.9239562360616185,2.424487886036524,2.5192373984488787,0.0,92.51650521931701,0.0,inf
alpha_,train_time,0.00043205805872400556,1.000432151409251,5.545806535322549e-05,0.000323362247979415,0.0005407538694685961,1.000323414535187,1.0005409001032,0.0,7.7907163903415295,6.663032200411752e-15,47.0927425575804
alpha_,Intercept,-3.7068636943275814,0.024554412778207687,0.03473822868548071,-3.77494937143784,-3.638778017217323,0.022938251943245527,0.026284443486555502,0.0,-106.70848326463211,0.0,inf
beta_,Intercept,1.8175642432860193,6.15684359791324,0.022853490324982125,1.7727722253280198,1.8623562612440188,5.8871512700679745,6.438890619626896,0.0,79.53114458403591,0.0,inf
