param,covariate,coef,exp(coef),se(coef),coef lower 95%,coef upper 95%,exp(coef) lower 95%,exp(coef) upper 95%,cmp to,z,p,-log2(p)
lambda_,accuracy,-0.012648809039853924,0.9874308509235923,0.03532770240899826,-0.08188983341803942,0.05659221533833157,0.9213734576698892,1.0582241948031248,0.0,-0.3580422211842502,0.7203117172118739,0.4733067222847124
lambda_,adv_fit_time,5.052450052884856,156.40519644092294,0.1518556675422812,4.754818413653696,5.3500816921160155,116.14256134609884,210.62550360695465,0.0,33.27139602134442,1.0013060270714625e-242,803.9047159932995
lambda_,attack.init.eps,-0.43044518531417286,0.650219562080232,0.03786104212776202,-0.5046514643017401,-0.3562389063266056,0.6037159553244982,0.7003052928832415,0.0,-11.369079167489271,5.961315607656493e-30,97.08221209123738
lambda_,data.sample.random_state,-0.014697669875261807,0.9854098136445231,0.003702989018482523,-0.021955394986634878,-0.007439944763888737,0.9782838704431401,0.9925876631156948,0.0,-3.9691367708362475,7.213347201640214e-05,13.758971607392615
lambda_,model.trainer.batch_size,-2.216614548898443e-06,0.9999977833879078,4.193876577466659e-06,-1.04364615963392e-05,6.003232498542315e-06,0.9999895635928633,1.000006003250518,0.0,-0.5285359518704303,0.5971274008088145,0.7438893226833768
lambda_,model.trainer.nb_epoch,-0.003465648734522522,0.9965403496945695,0.0007498792129066512,-0.004935384984574801,-0.001995912484470242,0.9950767740165567,0.9980060780243387,0.0,-4.621609287033195,3.8077465038319484e-06,18.002631133177758
lambda_,train_time,-0.0007069899052187421,0.9992932599532584,0.00014697080821872373,-0.000995047396106184,-0.0004189324143313002,0.9990054474993924,0.9995811553255998,0.0,-4.810410405899049,1.5062070736277736e-06,19.3406484436973
lambda_,Intercept,-0.10672256085642694,0.8987749937675706,0.06342857867882076,-0.2310402906574808,0.017595168944626927,0.7937074863945325,1.0177508758187028,0.0,-1.6825627040585467,0.09245977674620982,3.4350303107345583
rho_,Intercept,1.463594733720583,4.321466160670072,0.038890181244929385,1.3873713791282865,1.5398180883128796,4.0043103928022585,4.663741804677514,0.0,37.634042497845414,5.9679069526729e-310,1027.2204843727807
