param,covariate,coef,exp(coef),se(coef),coef lower 95%,coef upper 95%,exp(coef) lower 95%,exp(coef) upper 95%,cmp to,z,p,-log2(p)
lambda_,accuracy,-0.10096464908894338,0.9039649883069341,0.024055838380770703,-0.14811322593317028,-0.053816072244716476,0.8623334709022842,0.9476063815889522,0.0,-4.197095419864916,2.7036004360918283e-05,15.174758522322373
lambda_,attack.init.eps,0.7334406911858242,2.082232616101333,0.028095364585519898,0.6783747884656831,0.7885065939059653,1.9706723687750556,2.200108316458109,0.0,26.105398595319638,3.1659416335220435e-150,496.6265795745353
lambda_,data.sample.random_state,-0.0029959820915306627,0.9970085013842271,0.0024767888604347787,-0.00785039905529283,0.0018584348722315057,0.9921803348503104,1.001860162832587,0.0,-1.209623532869388,0.2264233838755325,2.142905134689409
lambda_,model.trainer.batch_size,-1.2961529169278246e-05,0.9999870385548311,2.7601860939933987e-06,-1.8371394504133595e-05,-7.551663834422896e-06,0.999981628774249,0.9999924483646794,0.0,-4.695889598706617,2.654488924066273e-06,18.5231344475378
lambda_,model.trainer.nb_epoch,0.00013203997985556529,1.0001320486975174,0.0005408351458105327,-0.0009279774275065476,0.0011920573872176781,0.9990724530103907,1.0011927681700281,0.0,0.24414090112002815,0.8071216962486514,0.30914187821495975
lambda_,predict_proba_time,0.8703782874530346,2.387813962758353,0.013677258431215238,0.843571353520606,0.8971852213854632,2.32465433186755,2.4526896074752025,0.0,63.63689710407121,0.0,inf
lambda_,train_time,0.000924223915370952,1.0009246511419014,4.883776643238466e-05,0.0008285036520780988,0.0010199441786638052,1.000828846956032,1.0010204644986118,0.0,18.92436904645362,7.184462331922897e-80,262.9093673981329
lambda_,Intercept,-3.4828117228089766,0.030720910796795668,0.04243950135670165,-3.5659916169899506,-3.3996318286280025,0.028268939620292054,0.033385559305069056,0.0,-82.06533091744264,0.0,inf
rho_,Intercept,1.1472467865541052,3.1495096893705816,0.01758898702494892,1.112773005460663,1.1817205676475473,3.042784364063617,3.2599783936683155,0.0,65.2252904005674,0.0,inf
