param,covariate,coef,exp(coef),se(coef),coef lower 95%,coef upper 95%,exp(coef) lower 95%,exp(coef) upper 95%,cmp to,z,p,-log2(p)
lambda_,accuracy,-0.09792180819936327,0.9067197990359295,0.051263954020133284,-0.19839731178394182,0.002553695385215285,0.8200439752698341,1.002556958842643,0.0,-1.9101493451111027,0.05611398708301699,4.1554957651054405
lambda_,attack.init.eps,0.8292110656657132,2.2915101758836,0.054369606569428575,0.7226485949360208,0.9357735363954056,2.0598817843892374,2.5491845823254526,0.0,15.251371455241859,1.6121110466641741e-52,172.05130981003265
lambda_,data.sample.random_state,-0.008612426929663606,0.9914245537784462,0.00502672862112517,-0.018464633987125625,0.0012397801277984136,0.9817047929622094,1.001240548972881,0.0,-1.7133264154084815,0.08665250533268941,3.5286147279969504
lambda_,model.trainer.batch_size,-1.5100382379878355e-05,0.9999848997316303,5.521417628462632e-06,-2.592216207526967e-05,-4.2786026844870405e-06,0.9999740781739009,0.9999957214064688,0.0,-2.734874156600044,0.006240412862210865,7.324142804523228
lambda_,model.trainer.nb_epoch,0.0022592755748890685,1.00226182966105,0.0011104252008312067,8.288217373424688e-05,0.00443566897604389,1.0000828856085564,1.004445521117236,0.0,2.0346040176302664,0.0418907327984682,4.577225068151594
lambda_,predict_proba_time,0.9030444648901754,2.4671026967925545,0.029699238464721896,0.8448350271310539,0.961253902649297,2.3275937930687576,2.614973340557149,0.0,30.406317184289176,4.53212568469187e-203,672.1712153916718
lambda_,train_time,0.0009578180536887158,1.0009582769078886,8.307011831414773e-05,0.0007950036136015052,0.0011206324937759265,1.0007953197127355,1.0011212606369864,0.0,11.530235819172887,9.28889266495336e-31,99.76426431928124
lambda_,Intercept,-3.5696988003394443,0.02816433549116642,0.08270514700308629,-3.731797909801584,-3.4075996908773045,0.02394973763693796,0.0331206047299478,0.0,-43.161749053009174,0.0,inf
rho_,Intercept,1.0974930160327276,2.9966440605498024,0.03379376304886214,1.0312584575548773,1.163727574510578,2.804593076136771,3.2018461794100532,0.0,32.476200251681675,2.31201703174045e-231,766.1562378933234
